cycle,range_bin,doppler_bin,output_hex
1098385000,0,0,0005fdb8
1098395000,0,1,ff5a02a0
1098405000,0,2,0021ff0d
1098415000,0,3,fffeffdf
1098425000,0,4,00a1fef3
1098435000,0,5,ff6c01ac
1098445000,0,6,ff85ff08
1098455000,0,7,0230022d
1098465000,0,8,fd7afca5
1098475000,0,9,00550282
1098485000,0,10,00dbfe37
1098495000,0,11,ffc20177
1098505000,0,12,ff1dfe28
1098515000,0,13,0086022e
1098525000,0,14,0006fd62
1098535000,0,15,004601b0
1098545000,0,16,0245002a
1098555000,0,17,fb84ff76
1098565000,0,18,025b002f
1098575000,0,19,ff9c005b
1098585000,0,20,ff4fff81
1098595000,0,21,fefc00c0
1098605000,0,22,01bdfee8
1098615000,0,23,ff8e01e1
1098625000,0,24,00c0fe31
1098635000,0,25,009d0024
1098645000,0,26,fe1501c1
1098655000,0,27,0134ff53
1098665000,0,28,0077fff4
1098675000,0,29,ff7aff9a
1098685000,0,30,ff7400a2
1098695000,0,31,0104ffde
1103765000,1,0,00ca016d
1103775000,1,1,ff25ff70
1103785000,1,2,002c004d
1103795000,1,3,ffccff91
1103805000,1,4,013900bd
1103815000,1,5,fed5ffb4
1103825000,1,6,004f0095
1103835000,1,7,ffcd0084
1103845000,1,8,006aff27
1103855000,1,9,ffbaffb0
1103865000,1,10,0052002b
1103875000,1,11,0146016b
1103885000,1,12,fca5fcf0
1103895000,1,13,031b023d
1103905000,1,14,ff43ff54
1103915000,1,15,fffc00df
1103925000,1,16,0074fec1
1103935000,1,17,ff1f005c
1103945000,1,18,00100019
1103955000,1,19,ffc20055
1103965000,1,20,008dfe1d
1103975000,1,21,fe710300
1103985000,1,22,0213fe31
1103995000,1,23,ff1b0064
1104005000,1,24,0090ff53
1104015000,1,25,001e019c
1104025000,1,26,ff2afe2b
1104035000,1,27,0004013b
1104045000,1,28,00cdffa6
1104055000,1,29,ff43fff7
1104065000,1,30,00e30092
1104075000,1,31,fed4fe2d
1109145000,2,0,ffeeff37
1109155000,2,1,001700d0
1109165000,2,2,00c1ff66
1109175000,2,3,fea0012e
1109185000,2,4,0177feaf
1109195000,2,5,fee501f9
1109205000,2,6,016dfe73
1109215000,2,7,fe3d019e
1109225000,2,8,0168fe16
1109235000,2,9,ff6c0108
1109245000,2,10,00ffff69
1109255000,2,11,fed8ffbb
1109265000,2,12,0040ff97
1109275000,2,13,006200e7
1109285000,2,14,00cdff5a
1109295000,2,15,fdb00017
1109305000,2,16,01f20169
1109315000,2,17,ff07fe0e
1109325000,2,18,ffdd0086
1109335000,2,19,ff48ffcc
1109345000,2,20,015f008f
1109355000,2,21,ff3f017f
1109365000,2,22,ffe7fd23
1109375000,2,23,0081017a
1109385000,2,24,000c001a
1109395000,2,25,00baff9e
1109405000,2,26,fe1fff9f
1109415000,2,27,0154017b
1109425000,2,28,ffa6fefb
1109435000,2,29,ff66ffc5
1109445000,2,30,0123014c
1109455000,2,31,ff3eff29
1114525000,3,0,00c5ff43
1114535000,3,1,0045ff45
1114545000,3,2,ff6a00c3
1114555000,3,3,fff100e0
1114565000,3,4,00c3ffab
1114575000,3,5,ffbeff4f
1114585000,3,6,ff5e0123
1114595000,3,7,00c5ffcf
1114605000,3,8,ffd5ffc8
1114615000,3,9,ff91ffed
1114625000,3,10,00faff96
1114635000,3,11,fed6018b
1114645000,3,12,0058fc7e
1114655000,3,13,00bc0388
1114665000,3,14,ffe2fe1c
1114675000,3,15,ff140191
1114685000,3,16,01b9fea5
1114695000,3,17,fe95011b
1114705000,3,18,ffdcfee7
1114715000,3,19,0049004e
1114725000,3,20,00370035
1114735000,3,21,ff96016f
1114745000,3,22,00c6fd91
1114755000,3,23,ff3300e9
1114765000,3,24,02310050
1114775000,3,25,fdc1ff83
1114785000,3,26,0138fef0
1114795000,3,27,feac021f
1114805000,3,28,01bafeca
1114815000,3,29,fdc4fffa
1114825000,3,30,02120028
1114835000,3,31,fe18007f
1119905000,4,0,ff5bfff7
1119915000,4,1,007a0136
1119925000,4,2,ffc1fe00
1119935000,4,3,ffb9027b
1119945000,4,4,0170fd3c
1119955000,4,5,fe200276
1119965000,4,6,013efdb6
1119975000,4,7,007c0132
1119985000,4,8,ffa7ff99
1119995000,4,9,fef4012a
1120005000,4,10,010bfe61
1120015000,4,11,ff41006b
1120025000,4,12,ffab0049
1120035000,4,13,ff44ff78
1120045000,4,14,0171009f
1120055000,4,15,ff800075
1120065000,4,16,018fff4d
1120075000,4,17,fd1eff42
1120085000,4,18,019101ae
1120095000,4,19,fff3ff71
1120105000,4,20,0084ffac
1120115000,4,21,fd8a0158
1120125000,4,22,02a0ff16
1120135000,4,23,ff4e0078
1120145000,4,24,002fff6b
1120155000,4,25,ffe0ff32
1120165000,4,26,008701f5
1120175000,4,27,ffabff29
1120185000,4,28,ff41fec7
1120195000,4,29,0146010e
1120205000,4,30,000d00b1
1120215000,4,31,ff9efed9
1125285000,5,0,0135fdaa
1125295000,5,1,feae0191
1125305000,5,2,ff93fec6
1125315000,5,3,018b005a
1125325000,5,4,ff350023
1125335000,5,5,ff520011
1125345000,5,6,0047ffc1
1125355000,5,7,00bfffe6
1125365000,5,8,007ffff9
1125375000,5,9,fe21006c
1125385000,5,10,01bbff64
1125395000,5,11,ff3a017e
1125405000,5,12,ffd7fe52
1125415000,5,13,feec0082
1125425000,5,14,018cffe8
1125435000,5,15,ffd20152
1125445000,5,16,ff2dfcb8
1125455000,5,17,008c0345
1125465000,5,18,006dfd88
1125475000,5,19,fe8501d4
1125485000,5,20,0151fee1
1125495000,5,21,ff460209
1125505000,5,22,ff97ff01
1125515000,5,23,00530080
1125525000,5,24,00f7fead
1125535000,5,25,fead017e
1125545000,5,26,01d1ff2e
1125555000,5,27,fd760098
1125565000,5,28,0313ff7a
1125575000,5,29,fe9c0004
1125585000,5,30,0122fffe
1125595000,5,31,fed40144
1130665000,6,0,01b0fef1
1130675000,6,1,fe6b0216
1130685000,6,2,00dbfdd4
1130695000,6,3,ffe300d4
1130705000,6,4,0125ffb3
1130715000,6,5,fdd300d4
1130725000,6,6,00e1ffe0
1130735000,6,7,0104ffe3
1130745000,6,8,ff17fea4
1130755000,6,9,ff2e0118
1130765000,6,10,0167ff73
1130775000,6,11,ff21004e
1130785000,6,12,fedfffc6
1130795000,6,13,01caff79
1130805000,6,14,ffc40154
1130815000,6,15,ff91007f
1130825000,6,16,008efead
1130835000,6,17,feb50040
1130845000,6,18,0107ffc8
1130855000,6,19,ff6f011e
1130865000,6,20,ffe5fed3
1130875000,6,21,0117ffda
1130885000,6,22,fe350084
1130895000,6,23,01b600ad
1130905000,6,24,ff0ffe6a
1130915000,6,25,009201fe
1130925000,6,26,fed3fea1
1130935000,6,27,010501e8
1130945000,6,28,007bfdd0
1130955000,6,29,fdc4010d
1130965000,6,30,03520100
1130975000,6,31,fdd5fef9
1136045000,7,0,ffccffa2
1136055000,7,1,00160196
1136065000,7,2,ff86fd7e
1136075000,7,3,00b40123
1136085000,7,4,006dffad
1136095000,7,5,fed80104
1136105000,7,6,0030fea2
1136115000,7,7,0135031a
1136125000,7,8,ff7ffbfb
1136135000,7,9,ff0c0258
1136145000,7,10,012fff50
1136155000,7,11,fe9f008e
1136165000,7,12,0180fedd
1136175000,7,13,feb10000
1136185000,7,14,01d1012b
1136195000,7,15,ff5eff5e
1136205000,7,16,0034ff88
1136215000,7,17,fe72ffae
1136225000,7,18,01e20088
1136235000,7,19,fedc0067
1136245000,7,20,0025ff37
1136255000,7,21,fea00044
1136265000,7,22,0178fff4
1136275000,7,23,fff3ffd4
1136285000,7,24,fec5ffeb
1136295000,7,25,01c0000c
1136305000,7,26,fe3d012a
1136315000,7,27,00b1ff1c
1136325000,7,28,0012006f
1136335000,7,29,003bfff8
1136345000,7,30,ff8b010f
1136355000,7,31,00a2ff08
1141425000,8,0,0110fecc
1141435000,8,1,fefa0220
1141445000,8,2,009dfe0b
1141455000,8,3,0065012d
1141465000,8,4,fed8ff24
1141475000,8,5,00fb0176
1141485000,8,6,ff73fe45
1141495000,8,7,00eb0323
1141505000,8,8,feebfd0b
1141515000,8,9,0068fff7
1141525000,8,10,ff660026
1141535000,8,11,00fe00ea
1141545000,8,12,fef8fde8
1141555000,8,13,00390205
1141565000,8,14,0148ff28
1141575000,8,15,fd8a00db
1141585000,8,16,02b0ffc6
1141595000,8,17,fd04ff1e
1141605000,8,18,01f90045
1141615000,8,19,fe590251
1141625000,8,20,01e2fd2a
1141635000,8,21,fd8d012e
1141645000,8,22,02b90047
1141655000,8,23,ff33001b
1141665000,8,24,ffd9ff67
1141675000,8,25,ffc2ffff
1141685000,8,26,002400f6
1141695000,8,27,00d8ff30
1141705000,8,28,ff8affc6
1141715000,8,29,fff7013b
1141725000,8,30,ffbcffd0
1141735000,8,31,ffd4ff47
1146805000,9,0,0167008e
1146815000,9,1,ff220031
1146825000,9,2,ff42ff5f
1146835000,9,3,0121013b
1146845000,9,4,0073ff78
1146855000,9,5,ff020112
1146865000,9,6,fff1fe5d
1146875000,9,7,00ed034c
1146885000,9,8,ff30fcd7
1146895000,9,9,fffd00c5
1146905000,9,10,004bff4d
1146915000,9,11,00bf01a9
1146925000,9,12,ff68fe6d
1146935000,9,13,ff62ffda
1146945000,9,14,018600d5
1146955000,9,15,ff6b010f
1146965000,9,16,010bfe7a
1146975000,9,17,fdda0083
1146985000,9,18,0104ffdb
1146995000,9,19,ff430065
1147005000,9,20,0139fde4
1147015000,9,21,fe60037c
1147025000,9,22,021bfd5d
1147035000,9,23,fec100f4
1147045000,9,24,00aaff1d
1147055000,9,25,00affff3
1147065000,9,26,fe770121
1147075000,9,27,00f5ff77
1147085000,9,28,ff60ffd3
1147095000,9,29,ff840044
1147105000,9,30,00760011
1147115000,9,31,ff0ffef9
1152185000,10,0,00caff33
1152195000,10,1,ff9e0000
1152205000,10,2,001effed
1152215000,10,3,ffc101e2
1152225000,10,4,0103fe19
1152235000,10,5,feb000d8
1152245000,10,6,0039ff72
1152255000,10,7,00ee019b
1152265000,10,8,ffc9fd6a
1152275000,10,9,fef2020e
1152285000,10,10,000cfeda
1152295000,10,11,00d1001f
1152305000,10,12,ff60ff04
1152315000,10,13,ff9601f2
1152325000,10,14,00a1ff3a
1152335000,10,15,00070125
1152345000,10,16,01e4ff87
1152355000,10,17,fbbaff6a
1152365000,10,18,032e0061
1152375000,10,19,ff030080
1152385000,10,20,0085ff85
1152395000,10,21,fe60ff76
1152405000,10,22,031300f6
1152415000,10,23,fe50ffd1
1152425000,10,24,007dff5c
1152435000,10,25,0146ffcc
1152445000,10,26,fdd40110
1152455000,10,27,00dbff87
1152465000,10,28,fffcff4e
1152475000,10,29,ff72009c
1152485000,10,30,014fff26
1152495000,10,31,fe6300d7
1157565000,11,0,0222002c
1157575000,11,1,fe19ff22
1157585000,11,2,00620117
1157595000,11,3,0032ff8f
1157605000,11,4,016d005f
1157615000,11,5,fdc4fef0
1157625000,11,6,00d10159
1157635000,11,7,ffe2ffcf
1157645000,11,8,0094fecc
1157655000,11,9,ff2900a0
1157665000,11,10,00acffc4
1157675000,11,11,ffa1011e
1157685000,11,12,ff3afdd4
1157695000,11,13,00d300eb
1157705000,11,14,ffa40062
1157715000,11,15,00530094
1157725000,11,16,007aff62
1157735000,11,17,fed9ffd6
1157745000,11,18,ffb600d5
1157755000,11,19,0098ffb9
1157765000,11,20,ffc7feab
1157775000,11,21,ff7a039e
1157785000,11,22,0193fcc3
1157795000,11,23,ff020111
1157805000,11,24,01dcffbe
1157815000,11,25,fe2100c4
1157825000,11,26,0114fe98
1157835000,11,27,ff4d019a
1157845000,11,28,007eff3a
1157855000,11,29,fecb002b
1157865000,11,30,01e8ff9a
1157875000,11,31,fe39fffc
1162945000,12,0,ffd50044
1162955000,12,1,ff610009
1162965000,12,2,fff300bf
1162975000,12,3,0014fe91
1162985000,12,4,015100e9
1162995000,12,5,fe3dffe8
1163005000,12,6,00d50026
1163015000,12,7,fff400c5
1163025000,12,8,006aff0e
1163035000,12,9,fed7ff93
1163045000,12,10,00e3ffd8
1163055000,12,11,00d6028d
1163065000,12,12,fd14fb70
1163075000,12,13,01ea035f
1163085000,12,14,fff3fec3
1163095000,12,15,ff250118
1163105000,12,16,01d3fec2
1163115000,12,17,fdab0045
1163125000,12,18,019f00e7
1163135000,12,19,fed2ffeb
1163145000,12,20,0135fead
1163155000,12,21,fd1f02b8
1163165000,12,22,03e3fe36
1163175000,12,23,fd580051
1163185000,12,24,01a6ffbc
1163195000,12,25,ff35003b
1163205000,12,26,00d7ffda
1163215000,12,27,ff6800eb
1163225000,12,28,00b6fee2
1163235000,12,29,ff7200dd
1163245000,12,30,00710071
1163255000,12,31,002bfe46
1168325000,13,0,0036ff7d
1168335000,13,1,fe11fff9
1168345000,13,2,0124ffe0
1168355000,13,3,ff6200f5
1168365000,13,4,01c5ff05
1168375000,13,5,fdee01a4
1168385000,13,6,0139fe3d
1168395000,13,7,ff340281
1168405000,13,8,01b3fd9b
1168415000,13,9,fe430024
1168425000,13,10,00c2011a
1168435000,13,11,0068ffbf
1168445000,13,12,ff9efe0b
1168455000,13,13,ff1f01b3
1168465000,13,14,022fffd4
1168475000,13,15,fe940010
1168485000,13,16,006200e1
1168495000,13,17,ff0dfd9d
1168505000,13,18,00fc01aa
1168515000,13,19,ff88ffdb
1168525000,13,20,fff9ff41
1168535000,13,21,fef200c6
1168545000,13,22,027d0039
1168555000,13,23,fe14ff6d
1168565000,13,24,0135ff27
1168575000,13,25,00170142
1168585000,13,26,feb6ff80
1168595000,13,27,00ae0081
1168605000,13,28,ff94ff37
1168615000,13,29,00e90127
1168625000,13,30,fe03fe6a
1168635000,13,31,01d40132
1173705000,14,0,01e0fea8
1173715000,14,1,fe92ff9f
1173725000,14,2,008c01f7
1173735000,14,3,ff50fda4
1173745000,14,4,00810145
1173755000,14,5,ffc8007a
1173765000,14,6,ffaffe2c
1173775000,14,7,ffa401cb
1173785000,14,8,0158fe5c
1173795000,14,9,feb30125
1173805000,14,10,0017ffd2
1173815000,14,11,007bff46
1173825000,14,12,ff6c01b5
1173835000,14,13,000cff33
1173845000,14,14,00b3ff68
1173855000,14,15,ffa20105
1173865000,14,16,fee200aa
1173875000,14,17,018cff6f
1173885000,14,18,ff90fe3d
1173895000,14,19,ffc601cc
1173905000,14,20,00cdffa5
1173915000,14,21,ff6000cc
1173925000,14,22,0101fe40
1173935000,14,23,feb2022f
1173945000,14,24,01c6fd62
1173955000,14,25,feef02b5
1173965000,14,26,ff65fd22
1173975000,14,27,ffff01e2
1173985000,14,28,0056ff41
1173995000,14,29,005c0077
1174005000,14,30,0045ffa4
1174015000,14,31,fef80101
1179085000,15,0,0093ff8d
1179095000,15,1,ff65ff00
1179105000,15,2,015501c1
1179115000,15,3,fe53ff4b
1179125000,15,4,018afff1
1179135000,15,5,002b002d
1179145000,15,6,ff0eff8b
1179155000,15,7,00ce0390
1179165000,15,8,0000fa0a
1179175000,15,9,ff7003a5
1179185000,15,10,ffaafef6
1179195000,15,11,00200028
1179205000,15,12,00e9fda0
1179215000,15,13,ff5b035c
1179225000,15,14,003ffe10
1179235000,15,15,ff530167
1179245000,15,16,0153ffc3
1179255000,15,17,fe49ff3e
1179265000,15,18,01c30025
1179275000,15,19,fe950091
1179285000,15,20,00bcff9f
1179295000,15,21,fe930017
1179305000,15,22,01defea9
1179315000,15,23,fec2016a
1179325000,15,24,017aff62
1179335000,15,25,fe9a00a5
1179345000,15,26,ffb2fe9c
1179355000,15,27,00600180
1179365000,15,28,00390054
1179375000,15,29,ffa7ff50
1179385000,15,30,006900e4
1179395000,15,31,ff6dffc3
1184465000,16,0,00920036
1184475000,16,1,ff450067
1184485000,16,2,00e9ffb2
1184495000,16,3,fe69ffef
1184505000,16,4,01c30023
1184515000,16,5,fee00002
1184525000,16,6,ff56ff5c
1184535000,16,7,031202da
1184545000,16,8,fceafceb
1184555000,16,9,004a0168
1184565000,16,10,00cdfec4
1184575000,16,11,000c0122
1184585000,16,12,ffcffee4
1184595000,16,13,fef30016
1184605000,16,14,02200078
1184615000,16,15,fdf70118
1184625000,16,16,02b6fd48
1184635000,16,17,fc1f0209
1184645000,16,18,02d50036
1184655000,16,19,fdfffeeb
1184665000,16,20,00750093
1184675000,16,21,fee6007e
1184685000,16,22,022cff24
1184695000,16,23,ff0a0180
1184705000,16,24,005afe8f
1184715000,16,25,008e0194
1184725000,16,26,ff25ff4c
1184735000,16,27,0070ffec
1184745000,16,28,0095007e
1184755000,16,29,fffbff7e
1184765000,16,30,ffd60110
1184775000,16,31,ffc9fe16
1189845000,17,0,ffc3ffcc
1189855000,17,1,00930013
1189865000,17,2,fef700b7
1189875000,17,3,ff5cffbb
1189885000,17,4,0201ff90
1189895000,17,5,fe6b0094
1189905000,17,6,00820079
1189915000,17,7,ff080000
1189925000,17,8,024ffefd
1189935000,17,9,fd1f0153
1189945000,17,10,01eefeec
1189955000,17,11,00370034
1189965000,17,12,ffd60068
1189975000,17,13,fee2ff93
1189985000,17,14,01970059
1189995000,17,15,ffd1ffb3
1190005000,17,16,008700ea
1190015000,17,17,fe09fd1b
1190025000,17,18,018b0355
1190035000,17,19,fef4fe07
1190045000,17,20,0021ffae
1190055000,17,21,feff017a
1190065000,17,22,026aff41
1190075000,17,23,fe82ffcc
1190085000,17,24,00cf00dd
1190095000,17,25,ff45fecf
1190105000,17,26,007000ac
1190115000,17,27,00110096
1190125000,17,28,ffc8ff8a
1190135000,17,29,ff94ffef
1190145000,17,30,ffd5ffe9
1190155000,17,31,00cdffb5
1195225000,18,0,ffc30035
1195235000,18,1,00dffff8
1195245000,18,2,fe61ffa8
1195255000,18,3,014600f7
1195265000,18,4,ff9aff5e
1195275000,18,5,ffe7007d
1195285000,18,6,ffaafed2
1195295000,18,7,00fd0282
1195305000,18,8,fef9fd7a
1195315000,18,9,004f012a
1195325000,18,10,fffdff1b
1195335000,18,11,003101a1
1195345000,18,12,ff02fd56
1195355000,18,13,010501a6
1195365000,18,14,fff5fff4
1195375000,18,15,feea014d
1195385000,18,16,022dfefd
1195395000,18,17,fd5bff08
1195405000,18,18,01cb01f6
1195415000,18,19,fef4ff53
1195425000,18,20,00f2fe88
1195435000,18,21,fe8d0337
1195445000,18,22,01b2fd2e
1195455000,18,23,003700f4
1195465000,18,24,002bff6c
1195475000,18,25,feff00d6
1195485000,18,26,005fff6f
1195495000,18,27,00410039
1195505000,18,28,ff86ffac
1195515000,18,29,ffb7008e
1195525000,18,30,010fffa4
1195535000,18,31,ff6eff71
1200605000,19,0,fec1fda5
1200615000,19,1,012a015f
1200625000,19,2,fea2feb0
1200635000,19,3,0209016b
1200645000,19,4,fef9ff33
1200655000,19,5,ffa6000b
1200665000,19,6,ffcfffff
1200675000,19,7,015e00e1
1200685000,19,8,ff68fe67
1200695000,19,9,fec6007c
1200705000,19,10,01500042
1200715000,19,11,ff95ffe1
1200725000,19,12,fee8fdd7
1200735000,19,13,018102a8
1200745000,19,14,ff9fffb6
1200755000,19,15,ff190056
1200765000,19,16,003ffecf
1200775000,19,17,00b40119
1200785000,19,18,feb0007c
1200795000,19,19,0109febf
1200805000,19,20,fedd002d
1200815000,19,21,00f60163
1200825000,19,22,0051ff7d
1200835000,19,23,0110fe7d
1200845000,19,24,fe6401f1
1200855000,19,25,0180fe64
1200865000,19,26,fe2e016a
1200875000,19,27,0155ff15
1200885000,19,28,fe660025
1200895000,19,29,012f00e2
1200905000,19,30,0021fdbe
1200915000,19,31,006d02ec
1205985000,20,0,00a9fe50
1205995000,20,1,ff3f01f2
1206005000,20,2,ff28fe73
1206015000,20,3,01ce0169
1206025000,20,4,ff5efe68
1206035000,20,5,ffe50163
1206045000,20,6,0031ffd1
1206055000,20,7,00f3ff41
1206065000,20,8,ffe500fa
1206075000,20,9,fe5dff0a
1206085000,20,10,02250028
1206095000,20,11,ff5800ce
1206105000,20,12,fe5efdcd
1206115000,20,13,004f01ae
1206125000,20,14,01affe59
1206135000,20,15,fdd5028f
1206145000,20,16,02c7fd00
1206155000,20,17,fccd02a4
1206165000,20,18,01dcfe01
1206175000,20,19,fefc016b
1206185000,20,20,00b2ff04
1206195000,20,21,ff7d025b
1206205000,20,22,0019fe89
1206215000,20,23,ff83ffed
1206225000,20,24,019b0026
1206235000,20,25,fe8ffed0
1206245000,20,26,009f0154
1206255000,20,27,ff6affea
1206265000,20,28,01eaff5f
1206275000,20,29,fe0f00c4
1206285000,20,30,00d70035
1206295000,20,31,ff910037
1211365000,21,0,0143fdff
1211375000,21,1,ff56008b
1211385000,21,2,ff47007a
1211395000,21,3,00faffe0
1211405000,21,4,ff1aff44
1211415000,21,5,00ba01d1
1211425000,21,6,fe9afeaa
1211435000,21,7,01d10024
1211445000,21,8,fff50039
1211455000,21,9,fe9fff65
1211465000,21,10,00efffb6
1211475000,21,11,004501b5
1211485000,21,12,ffe0fd6d
1211495000,21,13,fed8024a
1211505000,21,14,01b1fe94
1211515000,21,15,ff990188
1211525000,21,16,fffbfd75
1211535000,21,17,fe6c02bb
1211545000,21,18,00ebfd6a
1211555000,21,19,ffb40182
1211565000,21,20,005eff32
1211575000,21,21,ff7600f7
1211585000,21,22,00a6fff2
1211595000,21,23,ff7dffd4
1211605000,21,24,00b50063
1211615000,21,25,ff27ff21
1211625000,21,26,015f0176
1211635000,21,27,fed9ffd1
1211645000,21,28,ffb0ff0d
1211655000,21,29,00d0006a
1211665000,21,30,000fff10
1211675000,21,31,ff7d0200
1216745000,22,0,0213fe4c
1216755000,22,1,fe3901d0
1216765000,22,2,00b1fe40
1216775000,22,3,ff98007b
1216785000,22,4,01c3ffcc
1216795000,22,5,fdaa0034
1216805000,22,6,0070000f
1216815000,22,7,011000fa
1216825000,22,8,ffb1fe61
1216835000,22,9,feec007c
1216845000,22,10,0153006c
1216855000,22,11,fe3f004d
1216865000,22,12,002fffc0
1216875000,22,13,0015fee7
1216885000,22,14,00fb0156
1216895000,22,15,ffe400c0
1216905000,22,16,ff63fd70
1216915000,22,17,00ad0210
1216925000,22,18,ffd7fff6
1216935000,22,19,0072007d
1216945000,22,20,fecdfea8
1216955000,22,21,00c2017a
1216965000,22,22,ffbcfe9d
1216975000,22,23,00860072
1216985000,22,24,ff71ff73
1216995000,22,25,00560154
1217005000,22,26,0051fe22
1217015000,22,27,ff170193
1217025000,22,28,01a9ff04
1217035000,22,29,fe07013b
1217045000,22,30,027dfff2
1217055000,22,31,fda6fffc
1222125000,23,0,006e011e
1222135000,23,1,fe7b0069
1222145000,23,2,01b7fefa
1222155000,23,3,ff9d00d9
1222165000,23,4,006cffe1
1222175000,23,5,fe400095
1222185000,23,6,019bffc9
1222195000,23,7,002100ce
1222205000,23,8,ff7dfdb3
1222215000,23,9,002301b3
1222225000,23,10,006fff15
1222235000,23,11,ff46004d
1222245000,23,12,ff9bff3e
1222255000,23,13,017b00c1
1222265000,23,14,ffb0ffe5
1222275000,23,15,ff530036
1222285000,23,16,0024ff24
1222295000,23,17,feeb00cf
1222305000,23,18,01e5ff56
1222315000,23,19,fe81014b
1222325000,23,20,0072fe77
1222335000,23,21,ffde01cf
1222345000,23,22,000dfda9
1222355000,23,23,fffd021a
1222365000,23,24,0105fe13
1222375000,23,25,feff0235
1222385000,23,26,0015fe43
1222395000,23,27,ff74012b
1222405000,23,28,017bfeb2
1222415000,23,29,fe3f00cb
1222425000,23,30,00e00251
1222435000,23,31,fff7fc96
1227505000,24,0,00a3fff3
1227515000,24,1,ffb200ee
1227525000,24,2,0027fe63
1227535000,24,3,00a501e0
1227545000,24,4,fef2fe8d
1227555000,24,5,007e00dd
1227565000,24,6,ff89ff27
1227575000,24,7,016b01a5
1227585000,24,8,fe78fd0d
1227595000,24,9,ff3202e9
1227605000,24,10,0210fd5f
1227615000,24,11,fe160125
1227625000,24,12,018bffc4
1227635000,24,13,fed2014c
1227645000,24,14,ffeafe77
1227655000,24,15,00ad0110
1227665000,24,16,01c3fedf
1227675000,24,17,fc720160
1227685000,24,18,01b3fe7b
1227695000,24,19,ff7701ea
1227705000,24,20,000cfeb5
1227715000,24,21,ff30ff55
1227725000,24,22,012501c9
1227735000,24,23,0081fedf
1227745000,24,24,feda00cd
1227755000,24,25,004aff65
1227765000,24,26,00ca0193
1227775000,24,27,ff7eff05
1227785000,24,28,ffe7ff66
1227795000,24,29,ff6000ce
1227805000,24,30,01cc0121
1227815000,24,31,fef7fe20
1232885000,25,0,fff2002b
1232895000,25,1,0050006c
1232905000,25,2,ffabffa9
1232915000,25,3,ff89013d
1232925000,25,4,014cfdd4
1232935000,25,5,001e01fe
1232945000,25,6,fe90ff16
1232955000,25,7,0083019a
1232965000,25,8,0106fd55
1232975000,25,9,fe8f0196
1232985000,25,10,0022fed0
1232995000,25,11,014300e4
1233005000,25,12,ffb5ffa3
1233015000,25,13,fe5d0069
1233025000,25,14,0168ff11
1233035000,25,15,ffc00194
1233045000,25,16,013aff0f
1233055000,25,17,fd5cffba
1233065000,25,18,028300bd
1233075000,25,19,fe830041
1233085000,25,20,0026fda0
1233095000,25,21,ffe80388
1233105000,25,22,0110fd46
1233115000,25,23,ff530104
1233125000,25,24,008eff41
1233135000,25,25,ff41ffe4
1233145000,25,26,fffc007e
1233155000,25,27,0011001a
1233165000,25,28,ffe10059
1233175000,25,29,ffb1ff79
1233185000,25,30,ffc4015f
1233195000,25,31,009afe8a
1238265000,26,0,00cfff41
1238275000,26,1,ff330087
1238285000,26,2,01120018
1238295000,26,3,ff0e001d
1238305000,26,4,00a4ff56
1238315000,26,5,ff3101d2
1238325000,26,6,004dfed8
1238335000,26,7,008a003e
1238345000,26,8,fec4fef7
1238355000,26,9,011a01d5
1238365000,26,10,fef8fe0f
1238375000,26,11,00bb0157
1238385000,26,12,fefffe33
1238395000,26,13,01340186
1238405000,26,14,ff8bffc7
1238415000,26,15,ff5500fc
1238425000,26,16,015fff57
1238435000,26,17,fe790087
1238445000,26,18,008afe56
1238455000,26,19,ffb00265
1238465000,26,20,0130fe5c
1238475000,26,21,fe31022e
1238485000,26,22,01fbfd0c
1238495000,26,23,ff1a0240
1238505000,26,24,016afebd
1238515000,26,25,feae0055
1238525000,26,26,0064ff4b
1238535000,26,27,00ef0247
1238545000,26,28,ff21fd8f
1238555000,26,29,febe00e2
1238565000,26,30,0285009d
1238575000,26,31,fe37fef6
1243645000,27,0,019a0142
1243655000,27,1,fee0fece
1243665000,27,2,fff500cc
1243675000,27,3,ffa50005
1243685000,27,4,01a2ff5a
1243695000,27,5,fef400b4
1243705000,27,6,000bffbc
1243715000,27,7,00f200d2
1243725000,27,8,fe91fe36
1243735000,27,9,00e800cd
1243745000,27,10,ff870053
1243755000,27,11,005b009e
1243765000,27,12,fe28fd79
1243775000,27,13,018f0251
1243785000,27,14,ffadff5d
1243795000,27,15,ffe900a6
1243805000,27,16,019cfecc
1243815000,27,17,fd20015a
1243825000,27,18,0231ff52
1243835000,27,19,ff0d0099
1243845000,27,20,00a4fec8
1243855000,27,21,fef00332
1243865000,27,22,013dfcbc
1243875000,27,23,ff7e018c
1243885000,27,24,00ddff30
1243895000,27,25,ff500063
1243905000,27,26,002ffe2f
1243915000,27,27,006f0298
1243925000,27,28,005efe89
1243935000,27,29,fe250011
1243945000,27,30,01af0113
1243955000,27,31,fe6bfe68
1249025000,28,0,018c000a
1249035000,28,1,fef00042
1249045000,28,2,ff69ff76
1249055000,28,3,01820094
1249065000,28,4,0070ff57
1249075000,28,5,fe8000f3
1249085000,28,6,ffddff05
1249095000,28,7,01a70218
1249105000,28,8,fe83fd12
1249115000,28,9,00830170
1249125000,28,10,0042ff6b
1249135000,28,11,00800131
1249145000,28,12,fde7fdde
1249155000,28,13,00b4007b
1249165000,28,14,01ad00fb
1249175000,28,15,fe900065
1249185000,28,16,01a4fe0a
1249195000,28,17,fd360116
1249205000,28,18,01570040
1249215000,28,19,ff3e002e
1249225000,28,20,00a2feb3
1249235000,28,21,fde601c7
1249245000,28,22,025dff9f
1249255000,28,23,ff8bffaa
1249265000,28,24,00650026
1249275000,28,25,fff300f8
1249285000,28,26,feeafec7
1249295000,28,27,01800151
1249305000,28,28,ffb7ff5c
1249315000,28,29,ff22ffe3
1249325000,28,30,02050079
1249335000,28,31,fe06ff2d
1254405000,29,0,0024ff03
1254415000,29,1,ffa90124
1254425000,29,2,ff47fef7
1254435000,29,3,016000a3
1254445000,29,4,00b4ff4e
1254455000,29,5,fe5a0168
1254465000,29,6,007afe4f
1254475000,29,7,ffde0136
1254485000,29,8,0165fecb
1254495000,29,9,fded0068
1254505000,29,10,00e8ff18
1254515000,29,11,00cd025a
1254525000,29,12,fdaffce3
1254535000,29,13,00f901aa
1254545000,29,14,01600040
1254555000,29,15,fea10053
1254565000,29,16,0128ff57
1254575000,29,17,fe43ffb4
1254585000,29,18,018d0049
1254595000,29,19,fe880069
1254605000,29,20,019cff24
1254615000,29,21,fd1e00f8
1254625000,29,22,02daffbb
1254635000,29,23,ff3eff8c
1254645000,29,24,0017fffb
1254655000,29,25,00270070
1254665000,29,26,ff88ffb4
1254675000,29,27,ff3b00ea
1254685000,29,28,00b9ff9b
1254695000,29,29,008fffe6
1254705000,29,30,feb8ffca
1254715000,29,31,012300cb
1259785000,30,0,00aeffdf
1259795000,30,1,0009ffef
1259805000,30,2,001b00b7
1259815000,30,3,feb2febf
1259825000,30,4,0142002b
1259835000,30,5,ff580086
1259845000,30,6,007aff2e
1259855000,30,7,0022004f
1259865000,30,8,0070ff4a
1259875000,30,9,ff160125
1259885000,30,10,003dfe69
1259895000,30,11,fff0010e
1259905000,30,12,fede0071
1259915000,30,13,018b008b
1259925000,30,14,ff18fdfb
1259935000,30,15,ff6c0157
1259945000,30,16,0086ff81
1259955000,30,17,0023ffef
1259965000,30,18,00a9ffb7
1259975000,30,19,ff3400ed
1259985000,30,20,00a0ff91
1259995000,30,21,ff020206
1260005000,30,22,0112fc34
1260015000,30,23,fe78031f
1260025000,30,24,0214ff22
1260035000,30,25,fe12ffd9
1260045000,30,26,00cbff0d
1260055000,30,27,ff2e01b2
1260065000,30,28,0108fe8f
1260075000,30,29,0047006d
1260085000,30,30,ffb001c7
1260095000,30,31,ffd6fedf
1265165000,31,0,00a0fc79
1265175000,31,1,fe8a012d
1265185000,31,2,02510087
1265195000,31,3,fd8a0096
1265205000,31,4,0216fee4
1265215000,31,5,fe8b007e
1265225000,31,6,0127ff38
1265235000,31,7,fef5018e
1265245000,31,8,01dafe78
1265255000,31,9,fd7bfff1
1265265000,31,10,016200a4
1265275000,31,11,ffc5ff5b
1265285000,31,12,ff4fffe3
1265295000,31,13,01500052
1265305000,31,14,ff70005f
1265315000,31,15,ff79ff82
1265325000,31,16,010e00c9
1265335000,31,17,ff3cfee7
1265345000,31,18,ffa900ab
1265355000,31,19,0052ff4c
1265365000,31,20,007c00d2
1265375000,31,21,fe9b0046
1265385000,31,22,006dfddc
1265395000,31,23,00f701c8
1265405000,31,24,ffe8ff6a
1265415000,31,25,ff670113
1265425000,31,26,ffb4fe0a
1265435000,31,27,ffeb0233
1265445000,31,28,ffcfff23
1265455000,31,29,0122008a
1265465000,31,30,fe3cff3d
1265475000,31,31,015f0290
1270545000,32,0,fe92ff95
1270555000,32,1,ffd7001e
1270565000,32,2,0107ff78
1270575000,32,3,ff2d018c
1270585000,32,4,009afd6d
1270595000,32,5,ffdd01fa
1270605000,32,6,fef2ff32
1270615000,32,7,0199022a
1270625000,32,8,fde3fd31
1270635000,32,9,019900a0
1270645000,32,10,ff6500de
1270655000,32,11,003bffc0
1270665000,32,12,fff9fe8f
1270675000,32,13,ff930204
1270685000,32,14,004bfe68
1270695000,32,15,ffe90173
1270705000,32,16,02b8fe23
1270715000,32,17,fac301fc
1270725000,32,18,0323ff38
1270735000,32,19,ffa9ff7a
1270745000,32,20,ff040033
1270755000,32,21,fed10206
1270765000,32,22,0246fde6
1270775000,32,23,ff9f011e
1270785000,32,24,00c7fe7b
1270795000,32,25,ffd10152
1270805000,32,26,fed50082
1270815000,32,27,0127ffc6
1270825000,32,28,ffc5ffa5
1270835000,32,29,ffbb0040
1270845000,32,30,ffd9ff78
1270855000,32,31,01970029
1275925000,33,0,01e200e7
1275935000,33,1,fedfffd0
1275945000,33,2,0065005a
1275955000,33,3,ffd2ff1d
1275965000,33,4,00ba0117
1275975000,33,5,fe9600fc
1275985000,33,6,0093fec4
1275995000,33,7,006f00e5
1276005000,33,8,ff1cff62
1276015000,33,9,00f9ffa1
1276025000,33,10,ff850062
1276035000,33,11,01000097
1276045000,33,12,fe5dff15
1276055000,33,13,0123ff4e
1276065000,33,14,007d018b
1276075000,33,15,ff2e0050
1276085000,33,16,015afe99
1276095000,33,17,fde30062
1276105000,33,18,01330010
1276115000,33,19,ff740027
1276125000,33,20,0046fec1
1276135000,33,21,fed40258
1276145000,33,22,01d3fe40
1276155000,33,23,feef00dd
1276165000,33,24,00e8ff0e
1276175000,33,25,ffa100b9
1276185000,33,26,ff97ffe4
1276195000,33,27,011600e1
1276205000,33,28,ff4bfe9b
1276215000,33,29,feef00f2
1276225000,33,30,02910039
1276235000,33,31,fd30fe22
1281305000,34,0,ff5300dc
1281315000,34,1,fff6ff81
1281325000,34,2,00210131
1281335000,34,3,005afe7d
1281345000,34,4,001400fc
1281355000,34,5,ff600087
1281365000,34,6,0002ffd3
1281375000,34,7,009d00c2
1281385000,34,8,ff39fec1
1281395000,34,9,011dffb8
1281405000,34,10,ff7d0150
1281415000,34,11,0120fe85
1281425000,34,12,fd3700a8
1281435000,34,13,0379ff05
1281445000,34,14,fe35017b
1281455000,34,15,fffeff55
1281465000,34,16,0037ffba
1281475000,34,17,00560027
1281485000,34,18,fe79ffd7
1281495000,34,19,011a002f
1281505000,34,20,ff9cff76
1281515000,34,21,ff8e01b1
1281525000,34,22,0078fe27
1281535000,34,23,006b00d8
1281545000,34,24,00010039
1281555000,34,25,004bff74
1281565000,34,26,fe090054
1281575000,34,27,0294005b
1281585000,34,28,fe6dffde
1281595000,34,29,fff5ff67
1281605000,34,30,00f901c7
1281615000,34,31,ffe2fd9d
1286685000,35,0,00f40015
1286695000,35,1,ff16ff2f
1286705000,35,2,fff4000a
1286715000,35,3,ffb60092
1286725000,35,4,018afff0
1286735000,35,5,fe23ffe3
1286745000,35,6,006d0036
1286755000,35,7,012a004e
1286765000,35,8,fe4aff26
1286775000,35,9,010300b4
1286785000,35,10,ff8fffdd
1286795000,35,11,00c8015e
1286805000,35,12,fe50fd5e
1286815000,35,13,0109010a
1286825000,35,14,00a40095
1286835000,35,15,fec70053
1286845000,35,16,01dcfe5b
1286855000,35,17,fde8019d
1286865000,35,18,0104ff5a
1286875000,35,19,00140056
1286885000,35,20,ffa8ff2a
1286895000,35,21,fe830275
1286905000,35,22,027dfdb8
1286915000,35,23,feb400f6
1286925000,35,24,01a2ff4a
1286935000,35,25,fee30118
1286945000,35,26,0029feab
1286955000,35,27,fffe00ce
1286965000,35,28,00caffa8
1286975000,35,29,fe9d0036
1286985000,35,30,01caffe1
1286995000,35,31,fe8bffd5
1292065000,36,0,00df0078
1292075000,36,1,fe87ffd6
1292085000,36,2,0058fffa
1292095000,36,3,000d0112
1292105000,36,4,00dcfe7c
1292115000,36,5,ff0300d2
1292125000,36,6,ff7fff6e
1292135000,36,7,013a00d2
1292145000,36,8,005ffecb
1292155000,36,9,ff1500e6
1292165000,36,10,0030fff7
1292175000,36,11,00420009
1292185000,36,12,ffc0ff82
1292195000,36,13,fe9f0016
1292205000,36,14,01a70041
1292215000,36,15,ff35ffdf
1292225000,36,16,01cdff68
1292235000,36,17,fc1b00a4
1292245000,36,18,035cff60
1292255000,36,19,ff0d00fa
1292265000,36,20,003efee0
1292275000,36,21,fda302d0
1292285000,36,22,0359fe14
1292295000,36,23,fdce004c
1292305000,36,24,01250029
1292315000,36,25,003dfeac
1292325000,36,26,ff6801e3
1292335000,36,27,0004feef
1292345000,36,28,0086ffd6
1292355000,36,29,002ffff4
1292365000,36,30,ff8501e1
1292375000,36,31,001bfde7
1297445000,37,0,00f90044
1297455000,37,1,ff2400c9
1297465000,37,2,ffcbff38
1297475000,37,3,002bffdf
1297485000,37,4,00f10064
1297495000,37,5,fe5dfffc
1297505000,37,6,007eff41
1297515000,37,7,01000101
1297525000,37,8,001aff09
1297535000,37,9,fea20040
1297545000,37,10,0108ff9f
1297555000,37,11,008d015b
1297565000,37,12,fde6fdf8
1297575000,37,13,0087016a
1297585000,37,14,00b3ffb2
1297595000,37,15,ff0f00a7
1297605000,37,16,0091feb8
1297615000,37,17,ff0c0021
1297625000,37,18,0137008c
1297635000,37,19,ff7700dd
1297645000,37,20,0049fdbc
1297655000,37,21,ff3504b2
1297665000,37,22,017efc4b
1297675000,37,23,feea0139
1297685000,37,24,00d0ff4b
1297695000,37,25,ff4a0096
1297705000,37,26,00c6ffbd
1297715000,37,27,feb10055
1297725000,37,28,01ccfeb0
1297735000,37,29,fefb00b8
1297745000,37,30,0101017a
1297755000,37,31,ff17fe33
1302825000,38,0,0055fdbe
1302835000,38,1,000101a1
1302845000,38,2,ff3afdf6
1302855000,38,3,00e6005e
1302865000,38,4,ffbc0128
1302875000,38,5,0003002a
1302885000,38,6,feb6fe7b
1302895000,38,7,01f401ca
1302905000,38,8,fed8fe5d
1302915000,38,9,ff560124
1302925000,38,10,00dafea6
1302935000,38,11,ff3101ca
1302945000,38,12,ffd9fe17
1302955000,38,13,00bc01ab
1302965000,38,14,0150ff5f
1302975000,38,15,fe2100d0
1302985000,38,16,00b7fea6
1302995000,38,17,ffb5019f
1303005000,38,18,00f4fe64
1303015000,38,19,fde80142
1303025000,38,20,01d2ff7c
1303035000,38,21,fe4dffe0
1303045000,38,22,0178000f
1303055000,38,23,ffa8ffa2
1303065000,38,24,ff8000f3
1303075000,38,25,0188ffac
1303085000,38,26,ffb00028
1303095000,38,27,fe31ffb6
1303105000,38,28,01950139
1303115000,38,29,0018fee3
1303125000,38,30,ff9aff37
1303135000,38,31,002b020c
1308205000,39,0,003d0051
1308215000,39,1,00080016
1308225000,39,2,ff6800fd
1308235000,39,3,012bfde0
1308245000,39,4,001a01d6
1308255000,39,5,ff5cff24
1308265000,39,6,fede0106
1308275000,39,7,0229ff06
1308285000,39,8,ff29ffda
1308295000,39,9,001900a9
1308305000,39,10,ff32ffae
1308315000,39,11,010bff2e
1308325000,39,12,fe5b01c1
1308335000,39,13,0220fdcd
1308345000,39,14,fea901d6
1308355000,39,15,0126ffb8
1308365000,39,16,ff1dff17
1308375000,39,17,00580018
1308385000,39,18,00120013
1308395000,39,19,ffa100de
1308405000,39,20,005cfed8
1308415000,39,21,feea0148
1308425000,39,22,007afe08
1308435000,39,23,00dd019c
1308445000,39,24,ff41ff4e
1308455000,39,25,0003ff3d
1308465000,39,26,ff60014a
1308475000,39,27,007d000c
1308485000,39,28,007b0009
1308495000,39,29,fee6fe93
1308505000,39,30,00b303dc
1308515000,39,31,ffe8fcfe
1313585000,40,0,0058feac
1313595000,40,1,ffa101ee
1313605000,40,2,00c4fc74
1313615000,40,3,000a02df
1313625000,40,4,009fff22
1313635000,40,5,fdd700fa
1313645000,40,6,0240fe29
1313655000,40,7,ff5f0347
1313665000,40,8,ffc9fd42
1313675000,40,9,ff85009d
1313685000,40,10,009dff6b
1313695000,40,11,ffc70076
1313705000,40,12,ff9eff76
1313715000,40,13,00bb006a
1313725000,40,14,0091ff85
1313735000,40,15,fecd004f
1313745000,40,16,02200028
1313755000,40,17,fc1bfeb8
1313765000,40,18,0296017a
1313775000,40,19,fe5a001b
1313785000,40,20,016bfee2
1313795000,40,21,fced00fc
1313805000,40,22,035a008d
1313815000,40,23,feedfeff
1313825000,40,24,ff930012
1313835000,40,25,015f0021
1313845000,40,26,ff090143
1313855000,40,27,00e9ff6c
1313865000,40,28,ff1cfee6
1313875000,40,29,000101ac
1313885000,40,30,010dff21
1313895000,40,31,fee3009f
1318965000,41,0,0106001f
1318975000,41,1,0058008d
1318985000,41,2,fe840014
1318995000,41,3,00a0ffa9
1319005000,41,4,00c10049
1319015000,41,5,ff080081
1319025000,41,6,00a8ff0d
1319035000,41,7,ffa402cd
1319045000,41,8,0084fd4a
1319055000,41,9,fec40162
1319065000,41,10,012ffdaa
1319075000,41,11,00ae034c
1319085000,41,12,fed1fcd7
1319095000,41,13,000501e0
1319105000,41,14,00effedf
1319115000,41,15,ffaa01c9
1319125000,41,16,012efe4d
1319135000,41,17,fdce0049
1319145000,41,18,01160074
1319155000,41,19,feee000d
1319165000,41,20,0183fe23
1319175000,41,21,fdb40293
1319185000,41,22,02f6fec7
1319195000,41,23,fdc20049
1319205000,41,24,0198ff3a
1319215000,41,25,ff2e009c
1319225000,41,26,002fffda
1319235000,41,27,001800aa
1319245000,41,28,ffebfee5
1319255000,41,29,ff1f0180
1319265000,41,30,01abff49
1319275000,41,31,fe24ff0d
1324345000,42,0,ff370033
1324355000,42,1,002fff9c
1324365000,42,2,ffd7ff44
1324375000,42,3,ffd90224
1324385000,42,4,00f7fee3
1324395000,42,5,fe81003f
1324405000,42,6,0049ff72
1324415000,42,7,000300ed
1324425000,42,8,01a6fe91
1324435000,42,9,fde8015a
1324445000,42,10,0084fe62
1324455000,42,11,011f022f
1324465000,42,12,fe9bfd91
1324475000,42,13,007102b8
1324485000,42,14,ffc3fe2b
1324495000,42,15,0039019a
1324505000,42,16,01a7ff4f
1324515000,42,17,fc87feda
1324525000,42,18,02f50158
1324535000,42,19,fe8f001a
1324545000,42,20,00bffe79
1324555000,42,21,fed1021f
1324565000,42,22,02d3fe94
1324575000,42,23,fd8d00bd
1324585000,42,24,01f4ff0d
1324595000,42,25,ff12006c
1324605000,42,26,0004003e
1324615000,42,27,fec9ffff
1324625000,42,28,0137fedb
1324635000,42,29,001500a6
1324645000,42,30,feddffdb
1324655000,42,31,014f0028
1329725000,43,0,fff7ffa8
1329735000,43,1,fff90098
1329745000,43,2,ff6cfe28
1329755000,43,3,01950292
1329765000,43,4,ff93fee1
1329775000,43,5,fefa00ce
1329785000,43,6,0087fed7
1329795000,43,7,ffe00248
1329805000,43,8,00eafe42
1329815000,43,9,fe8f004f
1329825000,43,10,0107ff2e
1329835000,43,11,002b0111
1329845000,43,12,fe9fff52
1329855000,43,13,000cff90
1329865000,43,14,01de0147
1329875000,43,15,fe09ffcf
1329885000,43,16,02bbff6c
1329895000,43,17,fcdf0064
1329905000,43,18,01e60176
1329915000,43,19,fec9fe24
1329925000,43,20,0121ffdf
1329935000,43,21,fea20260
1329945000,43,22,01fdfdf5
1329955000,43,23,feaeff98
1329965000,43,24,016400c2
1329975000,43,25,ff65ff2d
1329985000,43,26,ffeb00c0
1329995000,43,27,0027ffad
1330005000,43,28,ff950096
1330015000,43,29,ffd4ff3a
1330025000,43,30,00e20081
1330035000,43,31,ff01ff8d
1335105000,44,0,006000c9
1335115000,44,1,ff78ffc6
1335125000,44,2,ff8dffd6
1335135000,44,3,0011ff67
1335145000,44,4,019f0040
1335155000,44,5,fdd50128
1335165000,44,6,00bbfdc2
1335175000,44,7,00950219
1335185000,44,8,005efe7a
1335195000,44,9,fe5e01aa
1335205000,44,10,00b0fe3b
1335215000,44,11,013e0271
1335225000,44,12,fcecfc9a
1335235000,44,13,01e90248
1335245000,44,14,002bff6d
1335255000,44,15,ff3c008e
1335265000,44,16,01e2ff01
1335275000,44,17,fd260004
1335285000,44,18,023900f2
1335295000,44,19,fe59ff7b
1335305000,44,20,0115ff94
1335315000,44,21,fe070220
1335325000,44,22,02cdfeb2
1335335000,44,23,fe01006d
1335345000,44,24,00d4ffa4
1335355000,44,25,0028ff58
1335365000,44,26,fffa0105
1335375000,44,27,00a00039
1335385000,44,28,ff44ff7a
1335395000,44,29,005fff9c
1335405000,44,30,00a50157
1335415000,44,31,ff7efe58
1340485000,45,0,01af0077
1340495000,45,1,fd6cfe55
1340505000,45,2,003a0186
1340515000,45,3,00aeff6e
1340525000,45,4,0091ff4b
1340535000,45,5,fe4201c6
1340545000,45,6,0143fdde
1340555000,45,7,00520268
1340565000,45,8,ffd6fdee
1340575000,45,9,003b00e3
1340585000,45,10,ff93ffec
1340595000,45,11,010e0167
1340605000,45,12,feddfcce
1340615000,45,13,ff7e02e5
1340625000,45,14,01cffea3
1340635000,45,15,fea5003f
1340645000,45,16,00f9ffad
1340655000,45,17,fef8ffc3
1340665000,45,18,0124ff60
1340675000,45,19,fe6a00ac
1340685000,45,20,01810057
1340695000,45,21,fdacff60
1340705000,45,22,03190100
1340715000,45,23,fcee0068
1340725000,45,24,0202feca
1340735000,45,25,ff75006d
1340745000,45,26,ff8bfff2
1340755000,45,27,fff60073
1340765000,45,28,0019ff94
1340775000,45,29,0168005d
1340785000,45,30,ff11feab
1340795000,45,31,ffd7015d
1345865000,46,0,007dff24
1345875000,46,1,fe37ffca
1345885000,46,2,0199ffdb
1345895000,46,3,ffcb01b5
1345905000,46,4,0068fd82
1345915000,46,5,fee50294
1345925000,46,6,017afdfc
1345935000,46,7,fdc0023c
1345945000,46,8,02f9fd4f
1345955000,46,9,fd7300e5
1345965000,46,10,00fdffe8
1345975000,46,11,fff80040
1345985000,46,12,0002ffc5
1345995000,46,13,fed3ffd4
1346005000,46,14,025600c6
1346015000,46,15,feeb0017
1346025000,46,16,ffeffe46
1346035000,46,17,ff330134
1346045000,46,18,01dd0057
1346055000,46,19,fdbfff35
1346065000,46,20,017e0066
1346075000,46,21,ff71005a
1346085000,46,22,ff80ff58
1346095000,46,23,ffeaff90
1346105000,46,24,01a3ffbf
1346115000,46,25,fecb01bd
1346125000,46,26,ffb9feba
1346135000,46,27,0066009e
1346145000,46,28,ff40007b
1346155000,46,29,0167ff16
1346165000,46,30,fd840152
1346175000,46,31,021bfffd
1351245000,47,0,00bfff65
1351255000,47,1,feed010b
1351265000,47,2,01acff34
1351275000,47,3,fdfa0183
1351285000,47,4,024efe08
1351295000,47,5,fe86020e
1351305000,47,6,005efe0f
1351315000,47,7,00780310
1351325000,47,8,ff9dfbc8
1351335000,47,9,ff680208
1351345000,47,10,0126009b
1351355000,47,11,fec0fe62
1351365000,47,12,010eff6e
1351375000,47,13,ff1e0173
1351385000,47,14,01480040
1351395000,47,15,fe10ffa7
1351405000,47,16,020bffab
1351415000,47,17,fde10043
1351425000,47,18,018e0074
1351435000,47,19,ff42fed1
1351445000,47,20,ff860074
1351455000,47,21,007c01a2
1351465000,47,22,0010fcf9
1351475000,47,23,00c00200
1351485000,47,24,ff0dff8c
1351495000,47,25,ffe20072
1351505000,47,26,0014fe89
1351515000,47,27,008801c6
1351525000,47,28,ff1affca
1351535000,47,29,0050ffcd
1351545000,47,30,00060154
1351555000,47,31,000cfe95
1356625000,48,0,00aa00f5
1356635000,48,1,ff0700fe
1356645000,48,2,00c6ff21
1356655000,48,3,fece0010
1356665000,48,4,011cffa9
1356675000,48,5,ffb501bc
1356685000,48,6,ffd9fdca
1356695000,48,7,009f02db
1356705000,48,8,ff52fd20
1356715000,48,9,001501ae
1356725000,48,10,ffbeff0c
1356735000,48,11,0082ffcf
1356745000,48,12,ffa50091
1356755000,48,13,ff4eff61
1356765000,48,14,00abff85
1356775000,48,15,0050026f
1356785000,48,16,01f0fdc5
1356795000,48,17,fc1b00f2
1356805000,48,18,017effd7
1356815000,48,19,ffca0046
1356825000,48,20,00d6ff63
1356835000,48,21,fd410084
1356845000,48,22,02c3ff8a
1356855000,48,23,fe9d015f
1356865000,48,24,0174fe8e
1356875000,48,25,ff39001e
1356885000,48,26,00ca01e8
1356895000,48,27,fefeff1b
1356905000,48,28,00c90013
1356915000,48,29,ffe4feeb
1356925000,48,30,003d0293
1356935000,48,31,ffb4fc5f
1362005000,49,0,01c5ff35
1362015000,49,1,fe13009e
1362025000,49,2,014f0155
1362035000,49,3,fe2dfdb5
1362045000,49,4,023200fc
1362055000,49,5,fe310183
1362065000,49,6,019efe83
1362075000,49,7,fdf900e3
1362085000,49,8,01c70072
1362095000,49,9,ff25fead
1362105000,49,10,ffd0005b
1362115000,49,11,01c100b3
1362125000,49,12,fe95ff2b
1362135000,49,13,00650002
1362145000,49,14,006200f1
1362155000,49,15,0016ff13
1362165000,49,16,ffef0051
1362175000,49,17,ffd9ff2e
1362185000,49,18,ffa7007f
1362195000,49,19,ffc30053
1362205000,49,20,00cafedc
1362215000,49,21,fdab00ff
1362225000,49,22,028eff95
1362235000,49,23,ff6d0173
1362245000,49,24,0031fdd0
1362255000,49,25,ff03013f
1362265000,49,26,0116ffb1
1362275000,49,27,ffcb00b1
1362285000,49,28,ff6bfed5
1362295000,49,29,007301bc
1362305000,49,30,003efe97
1362315000,49,31,fef00013
1367385000,50,0,00d4015d
1367395000,50,1,ff5cff09
1367405000,50,2,0019ffcf
1367415000,50,3,fff800d1
1367425000,50,4,00da0015
1367435000,50,5,fe90001d
1367445000,50,6,0133fe78
1367455000,50,7,ff740229
1367465000,50,8,fff9fe99
1367475000,50,9,ff7b00c0
1367485000,50,10,004afec6
1367495000,50,11,005500db
1367505000,50,12,fe15fece
1367515000,50,13,024101b9
1367525000,50,14,ff7eff26
1367535000,50,15,fe850111
1367545000,50,16,0240ff59
1367555000,50,17,feae0005
1367565000,50,18,00d90085
1367575000,50,19,fdda0027
1367585000,50,20,01c6feeb
1367595000,50,21,ff0801bd
1367605000,50,22,0241fe8a
1367615000,50,23,fd86005f
1367625000,50,24,0253011d
1367635000,50,25,ff5ffe9e
1367645000,50,26,ffb0ff9a
1367655000,50,27,ffcd0109
1367665000,50,28,00d30086
1367675000,50,29,ff8bfe69
1367685000,50,30,001a0194
1367695000,50,31,ff65fdf3
1372765000,51,0,ff1bfd4c
1372775000,51,1,004b0279
1372785000,51,2,ff72fdb8
1372795000,51,3,02470246
1372805000,51,4,fe02fe54
1372815000,51,5,ffc1019a
1372825000,51,6,0126fe76
1372835000,51,7,ff820208
1372845000,51,8,0189fcaf
1372855000,51,9,fc470253
1372865000,51,10,034cff3b
1372875000,51,11,fe7effc3
1372885000,51,12,fffcfea5
1372895000,51,13,ff95023c
1372905000,51,14,01c9ffb6
1372915000,51,15,fd8e0095
1372925000,51,16,0175feb4
1372935000,51,17,ff850089
1372945000,51,18,000e008e
1372955000,51,19,ffa3ff72
1372965000,51,20,008e0002
1372975000,51,21,ff3d013a
1372985000,51,22,0158fe92
1372995000,51,23,ff4c0004
1373005000,51,24,00f3014d
1373015000,51,25,ff09fe7b
1373025000,51,26,00600053
1373035000,51,27,ffb40169
1373045000,51,28,00c8fe89
1373055000,51,29,fe9d00a8
1373065000,51,30,00fdff3e
1373075000,51,31,006801a3
1378145000,52,0,0030fef0
1378155000,52,1,00ca0138
1378165000,52,2,fdebff28
1378175000,52,3,025e00ce
1378185000,52,4,feffff62
1378195000,52,5,ff810013
1378205000,52,6,ffdb0034
1378215000,52,7,0181000d
1378225000,52,8,ffb50041
1378235000,52,9,fddbff39
1378245000,52,10,0196ff49
1378255000,52,11,00c401cc
1378265000,52,12,fdf0fdd4
1378275000,52,13,011401e5
1378285000,52,14,ff9efe7f
1378295000,52,15,fff2020f
1378305000,52,16,01a0fd54
1378315000,52,17,fd7802b6
1378325000,52,18,0107ff34
1378335000,52,19,ffaeffd6
1378345000,52,20,ffedff3c
1378355000,52,21,ff7f01f1
1378365000,52,22,0253ff1a
1378375000,52,23,fe4dffcd
1378385000,52,24,00d30027
1378395000,52,25,ff4bff01
1378405000,52,26,0170017b
1378415000,52,27,fe70ffe4
1378425000,52,28,00ecff22
1378435000,52,29,ff5c00ff
1378445000,52,30,006cff93
1378455000,52,31,ffd8fff3
1383525000,53,0,00e8fe62
1383535000,53,1,ff21014c
1383545000,53,2,fe76fe6a
1383555000,53,3,031c01bc
1383565000,53,4,fdb4fe9b
1383575000,53,5,00ee01e1
1383585000,53,6,0006fd1c
1383595000,53,7,00570235
1383605000,53,8,0056fede
1383615000,53,9,feaf0011
1383625000,53,10,010afff4
1383635000,53,11,ffdd012d
1383645000,53,12,ffeefe2a
1383655000,53,13,fe0e00c4
1383665000,53,14,0265ffe5
1383675000,53,15,fe7e013f
1383685000,53,16,0152fdb4
1383695000,53,17,fec3017c
1383705000,53,18,003cff6c
1383715000,53,19,000a00ce
1383725000,53,20,0086fefd
1383735000,53,21,fee8013f
1383745000,53,22,007a009c
1383755000,53,23,00a5feef
1383765000,53,24,0010ffb4
1383775000,53,25,ff3d0047
1383785000,53,26,011c00be
1383795000,53,27,fec5ff35
1383805000,53,28,0050ffae
1383815000,53,29,006c0064
1383825000,53,30,007bff83
1383835000,53,31,ff4e0189
1388905000,54,0,00d8ff4f
1388915000,54,1,fe9200ed
1388925000,54,2,ffeaff10
1388935000,54,3,00b90028
1388945000,54,4,00f8006e
1388955000,54,5,fe950123
1388965000,54,6,005cfdff
1388975000,54,7,00fb0323
1388985000,54,8,0029fc86
1388995000,54,9,fee70155
1389005000,54,10,00d6ffed
1389015000,54,11,ffd800d9
1389025000,54,12,ff6dfde5
1389035000,54,13,fefd00c2
1389045000,54,14,030200fe
1389055000,54,15,fe18ff2b
1389065000,54,16,004cffab
1389075000,54,17,ff460047
1389085000,54,18,013a0034
1389095000,54,19,fe7700ba
1389105000,54,20,01b2fea6
1389115000,54,21,fe8b00eb
1389125000,54,22,00e0fff3
1389135000,54,23,fffd0019
1389145000,54,24,ff03ff30
1389155000,54,25,019d0113
1389165000,54,26,fecafe5b
1389175000,54,27,00ac00f5
1389185000,54,28,ffb9ffef
1389195000,54,29,000ffffc
1389205000,54,30,ffce009c
1389215000,54,31,ffc4ffd1
1394285000,55,0,016d0152
1394295000,55,1,ff58ff3f
1394305000,55,2,009f0010
1394315000,55,3,feeefff4
1394325000,55,4,027b00f8
1394335000,55,5,fd59ff5d
1394345000,55,6,00b8ffb3
1394355000,55,7,0196012f
1394365000,55,8,fe5cfe57
1394375000,55,9,00650059
1394385000,55,10,003bffa3
1394395000,55,11,ff2f00f7
1394405000,55,12,0034fe45
1394415000,55,13,00c6003f
1394425000,55,14,ffe30208
1394435000,55,15,ffd8ff53
1394445000,55,16,ff97fe74
1394455000,55,17,ff7a0151
1394465000,55,18,00f9ff9a
1394475000,55,19,feca00d8
1394485000,55,20,0133fe48
1394495000,55,21,fe890239
1394505000,55,22,01f8fd99
1394515000,55,23,feb201a1
1394525000,55,24,00dcfeff
1394535000,55,25,fec900db
1394545000,55,26,00e9000f
1394555000,55,27,ff4dff3d
1394565000,55,28,0102009f
1394575000,55,29,fe300017
1394585000,55,30,01710180
1394595000,55,31,fef4fdbd
1399665000,56,0,0144ff64
1399675000,56,1,ff190129
1399685000,56,2,0068fdd4
1399695000,56,3,ffba035c
1399705000,56,4,00d3fc84
1399715000,56,5,ff0d01d5
1399725000,56,6,ff65ff82
1399735000,56,7,016e01c3
1399745000,56,8,0006fc6e
1399755000,56,9,fea50276
1399765000,56,10,0056fe7c
1399775000,56,11,001c0158
1399785000,56,12,ff91ff06
1399795000,56,13,00ca004e
1399805000,56,14,fffcfff4
1399815000,56,15,002800df
1399825000,56,16,0156feae
1399835000,56,17,fb8b0179
1399845000,56,18,0362fdf6
1399855000,56,19,fe7401b8
1399865000,56,20,0191fec2
1399875000,56,21,fca50057
1399885000,56,22,03cb0118
1399895000,56,23,fe48fee5
1399905000,56,24,ff98011c
1399915000,56,25,0123ff14
1399925000,56,26,ffdc0132
1399935000,56,27,ff0affb8
1399945000,56,28,00cbffc0
1399955000,56,29,0050ffd2
1399965000,56,30,ff800112
1399975000,56,31,fff6ff1d
1405045000,57,0,0137fe99
1405055000,57,1,fec20176
1405065000,57,2,00aeff0f
1405075000,57,3,fe370060
1405085000,57,4,0318ff9e
1405095000,57,5,fe55015a
1405105000,57,6,ff56fef9
1405115000,57,7,00a301e7
1405125000,57,8,00c5fd47
1405135000,57,9,fe5c00bb
1405145000,57,10,0116003b
1405155000,57,11,ffddffe4
1405165000,57,12,000a0005
1405175000,57,13,ff84ff9d
1405185000,57,14,004500f8
1405195000,57,15,ffedffbf
1405205000,57,16,00b50025
1405215000,57,17,fea6ffb8
1405225000,57,18,009200af
1405235000,57,19,00b1ffc4
1405245000,57,20,ff4efeb4
1405255000,57,21,ff0d0336
1405265000,57,22,0200fc4b
1405275000,57,23,fff302bd
1405285000,57,24,ff8ffe23
1405295000,57,25,00a00047
1405305000,57,26,ffa6ffd3
1405315000,57,27,ff5301ac
1405325000,57,28,0088fe69
1405335000,57,29,ffa6008b
1405345000,57,30,0031ff20
1405355000,57,31,ff7500f1
1410425000,58,0,001900db
1410435000,58,1,ff58ff28
1410445000,58,2,010a008e
1410455000,58,3,ff2c0101
1410465000,58,4,008efe1f
1410475000,58,5,ff980183
1410485000,58,6,0085fff2
1410495000,58,7,ff1b0018
1410505000,58,8,0099fde8
1410515000,58,9,003702ca
1410525000,58,10,ff49fea8
1410535000,58,11,0098ffc4
1410545000,58,12,febbfefc
1410555000,58,13,016b01d2
1410565000,58,14,ff64feb5
1410575000,58,15,001f01c0
1410585000,58,16,00dbff23
1410595000,58,17,fdc40016
1410605000,58,18,014cff26
1410615000,58,19,ff7401d7
1410625000,58,20,0088fe3d
1410635000,58,21,ff80023b
1410645000,58,22,00e1fd9a
1410655000,58,23,ff7f0224
1410665000,58,24,017bfe32
1410675000,58,25,fe890100
1410685000,58,26,0039ff68
1410695000,58,27,007000c8
1410705000,58,28,ffffff20
1410715000,58,29,ff090020
1410725000,58,30,0126017b
1410735000,58,31,ff97fdd8
1415805000,59,0,00b4ff37
1415815000,59,1,ff420104
1415825000,59,2,ff43ff15
1415835000,59,3,00b400a2
1415845000,59,4,0106fedf
1415855000,59,5,fed80177
1415865000,59,6,001fffda
1415875000,59,7,019efff6
1415885000,59,8,fe5effac
1415895000,59,9,ffb1ffbf
1415905000,59,10,016bffc6
1415915000,59,11,ff40017c
1415925000,59,12,fefafcd5
1415935000,59,13,004a0257
1415945000,59,14,019afee8
1415955000,59,15,fdd70213
1415965000,59,16,0172fe13
1415975000,59,17,ff540096
1415985000,59,18,001fffab
1415995000,59,19,ff92012a
1416005000,59,20,0038ff35
1416015000,59,21,fffc0117
1416025000,59,22,0037ff1e
1416035000,59,23,ff980018
1416045000,59,24,019000aa
1416055000,59,25,fe9dfe77
1416065000,59,26,00970146
1416075000,59,27,ffa60018
1416085000,59,28,0134ff07
1416095000,59,29,fe9600db
1416105000,59,30,015cffc4
1416115000,59,31,feffffef
1421185000,60,0,018c00ec
1421195000,60,1,ff45ff44
1421205000,60,2,ffe50063
1421215000,60,3,ffc5003c
1421225000,60,4,0193ff15
1421235000,60,5,fece0100
1421245000,60,6,ffbfff85
1421255000,60,7,00e101b3
1421265000,60,8,ff85fd42
1421275000,60,9,fffd0133
1421285000,60,10,fff0ffd8
1421295000,60,11,00ad009c
1421305000,60,12,fdecfde2
1421315000,60,13,01b20177
1421325000,60,14,ffd0ffa3
1421335000,60,15,ffa70158
1421345000,60,16,01dafdfe
1421355000,60,17,fc8f016a
1421365000,60,18,01d5ff89
1421375000,60,19,ff2b004a
1421385000,60,20,00efff4d
1421395000,60,21,fd92011c
1421405000,60,22,02d5ff4d
1421415000,60,23,fee900d5
1421425000,60,24,00d1ff98
1421435000,60,25,ff0f0067
1421445000,60,26,00aefecc
1421455000,60,27,001301ee
1421465000,60,28,0016ff38
1421475000,60,29,ff16ffc5
1421485000,60,30,0274007b
1421495000,60,31,fd67feb0
1426565000,61,0,018c0006
1426575000,61,1,fe6dff93
1426585000,61,2,00360107
1426595000,61,3,00e6fecf
1426605000,61,4,000dfff1
1426615000,61,5,fea2017a
1426625000,61,6,00fefdb6
1426635000,61,7,00e60221
1426645000,61,8,fed2fde5
1426655000,61,9,006c00f4
1426665000,61,10,ff7aff01
1426675000,61,11,00e10244
1426685000,61,12,fe43fc19
1426695000,61,13,00680308
1426705000,61,14,014a0029
1426715000,61,15,fe3dff75
1426725000,61,16,00ac001a
1426735000,61,17,ff95ff87
1426745000,61,18,0178ffef
1426755000,61,19,fdac00f3
1426765000,61,20,0253ff0b
1426775000,61,21,fe3e01aa
1426785000,61,22,0172fe66
1426795000,61,23,ff860117
1426805000,61,24,003eff0b
1426815000,61,25,ff6e0076
1426825000,61,26,fffc0039
1426835000,61,27,0001ff86
1426845000,61,28,000d0083
1426855000,61,29,008cffb8
1426865000,61,30,ffea0013
1426875000,61,31,ff73002f
1431945000,62,0,ff37ff07
1431955000,62,1,006000c7
1431965000,62,2,fff500a2
1431975000,62,3,ff80feca
1431985000,62,4,ffb80050
1431995000,62,5,012c0115
1432005000,62,6,ff5efdb7
1432015000,62,7,ff78028e
1432025000,62,8,01b8fddc
1432035000,62,9,fee101c2
1432045000,62,10,0017fdb9
1432055000,62,11,fff10167
1432065000,62,12,00470061
1432075000,62,13,ff7bffd5
1432085000,62,14,001bfe87
1432095000,62,15,ff25018c
1432105000,62,16,0037ff05
1432115000,62,17,00ae0073
1432125000,62,18,002bff46
1432135000,62,19,fe800164
1432145000,62,20,01d40014
1432155000,62,21,fe06fffd
1432165000,62,22,014cff8d
1432175000,62,23,ffea0100
1432185000,62,24,0102fef8
1432195000,62,25,fec50100
1432205000,62,26,003dfe57
1432215000,62,27,ffb70107
1432225000,62,28,0065fffb
1432235000,62,29,0167ff3d
1432245000,62,30,fe2701ad
1432255000,62,31,0149ff1a
1437325000,63,0,fff4fda2
1437335000,63,1,ffd300e6
1437345000,63,2,002a011b
1437355000,63,3,ff72fee4
1437365000,63,4,00c2ffe4
1437375000,63,5,ffda01b4
1437385000,63,6,ff26fdf4
1437395000,63,7,0192035e
1437405000,63,8,ff92fc0b
1437415000,63,9,feee026d
1437425000,63,10,0091fe56
1437435000,63,11,00770145
1437445000,63,12,ffc7fe8b
1437455000,63,13,001b0169
1437465000,63,14,0069fe78
1437475000,63,15,ffdc0193
1437485000,63,16,ff8efee4
1437495000,63,17,ffe9006e
1437505000,63,18,003cff23
1437515000,63,19,ff20010c
1437525000,63,20,0166ffea
1437535000,63,21,fdf2ff70
1437545000,63,22,00b8ffa8
1437555000,63,23,00860154
1437565000,63,24,0048feb7
1437575000,63,25,ffb60183
1437585000,63,26,ffa5fe68
1437595000,63,27,fff3020b
1437605000,63,28,0005feaf
1437615000,63,29,0129ffe7
1437625000,63,30,fe3d0170
1437635000,63,31,0130fff3
